date,clicks,impressions
2026-03-01,0,0
2026-03-02,0,0
2026-03-03,0,0
2026-03-04,0,0
2026-03-05,0,0
2026-03-06,0,0
2026-03-07,0,0
2026-03-08,0,0
2026-03-09,0,0
2026-03-10,0,0
2026-03-11,0,0
2026-03-12,0,0
2026-03-13,0,0
2026-03-14,0,0
2026-03-15,0,0
2026-03-16,0,0
2026-03-17,0,0
2026-03-18,0,0
2026-03-19,0,0
2026-03-20,0,0
2026-03-21,0,0
2026-03-22,0,0
2026-03-23,0,0
2026-03-24,0,0
2026-03-25,0,8
2026-03-26,0,4
2026-03-27,0,7
2026-03-28,0,1
2026-03-29,0,3
2026-03-30,0,1
2026-03-31,0,7
2026-04-01,0,1
2026-04-02,1,5
2026-04-03,0,3
2026-04-04,0,1
2026-04-05,0,0
2026-04-06,1,17
2026-04-07,1,9
2026-04-08,0,5
2026-04-09,0,10
2026-04-10,0,5
2026-04-11,0,10
2026-04-12,0,11
2026-04-13,0,14
2026-04-14,0,17
2026-04-15,1,20
2026-04-16,0,16
2026-04-17,1,10
2026-04-18,0,4
2026-04-19,0,6
2026-04-20,1,19
2026-04-21,0,16
2026-04-22,0,21
2026-04-23,2,16
2026-04-24,1,9
2026-04-25,0,11
2026-04-26,0,10
2026-04-27,0,9
2026-04-28,1,13
2026-04-29,1,6
2026-04-30,1,10
2026-05-01,0,11
2026-05-02,0,5
2026-05-03,0,3
2026-05-04,0,7
2026-05-05,0,12
2026-05-06,2,8
2026-05-07,0,8
2026-05-08,2,8
2026-05-09,0,6
2026-05-10,0,10
2026-05-11,0,20
2026-05-12,0,5
2026-05-13,1,5
2026-05-14,0,10
2026-05-15,0,6
2026-05-16,0,6
2026-05-17,1,11
2026-05-18,0,9
2026-05-19,0,7
2026-05-20,1,20
2026-05-21,1,9
2026-05-22,0,9
2026-05-23,0,10
2026-05-24,0,9
2026-05-25,0,10
2026-05-26,0,11
2026-05-27,1,37
2026-05-28,0,49
2026-05-29,2,36
2026-05-30,1,38
2026-05-31,1,28
2026-06-01,3,57
2026-06-02,0,36
2026-06-03,2,28
2026-06-04,3,36
2026-06-05,1,35
2026-06-06,3,41
2026-06-07,2,45
2026-06-08,3,72
2026-06-09,0,63
2026-06-10,6,64
2026-06-11,4,64
2026-06-12,2,34
2026-06-13,0,42
2026-06-14,0,57
2026-06-15,3,57
2026-06-16,9,67
2026-06-17,6,87
2026-06-18,3,113
2026-06-19,2,97
2026-06-20,1,85
2026-06-21,0,90
2026-06-22,5,172
2026-06-23,5,126
2026-06-24,7,171
2026-06-25,2,139
2026-06-26,2,149
2026-06-27,1,100
2026-06-28,2,121
2026-06-29,2,143
2026-06-30,2,151
2026-07-01,12,157
2026-07-02,5,138
2026-07-03,3,111
2026-07-04,2,66
2026-07-05,0,87
2026-07-06,3,111
2026-07-07,4,111
2026-07-08,4,161
2026-07-09,4,195
2026-07-10,3,117
2026-07-11,2,78
2026-07-12,2,95
2026-07-13,6,121
2026-07-14,2,106
2026-07-15,3,121
2026-07-16,5,129
2026-07-17,1,90
2026-07-18,1,66
2026-07-19,3,59
2026-07-20,2,103
2026-07-21,4,106
2026-07-22,3,104
2026-07-23,1,72
2026-07-24,2,80
2026-07-25,4,89
2026-07-26,1,80
2026-07-27,3,136
2026-07-28,6,137
2026-07-29,7,123
2026-07-30,6,121
2026-07-31,3,84
2026-08-01,0,88
2026-08-02,1,91
2026-08-03,1,94
2026-08-04,4,134
2026-08-05,2,115
2026-08-06,1,87
2026-08-07,4,84
2026-08-08,0,60
2026-08-09,2,101
2026-08-10,2,140
2026-08-11,4,118
2026-08-12,2,107
2026-08-13,2,118
2026-08-14,2,115
2026-08-15,1,98
2026-08-16,2,84
2026-08-17,3,114
2026-08-18,2,97
2026-08-19,1,124
2026-08-20,4,92
2026-08-21,6,95
2026-08-22,0,57
2026-08-23,2,77
2026-08-24,1,118
2026-08-25,1,129
2026-08-26,2,109
2026-08-27,2,105
2026-08-28,1,99
2026-08-29,1,64
2026-08-30,2,93
2026-08-31,1,99
2026-09-01,6,105
2026-09-02,1,132
2026-09-03,4,121
2026-09-04,2,96
2026-09-05,1,62
2026-09-06,2,73
2026-09-07,2,95
2026-09-08,1,99
2026-09-09,0,120
2026-09-10,2,88
2026-09-11,2,87
2026-09-12,4,82
2026-09-13,1,84
2026-09-14,2,117
2026-09-15,2,104
2026-09-16,2,104
2026-09-17,6,90
2026-09-18,0,72
2026-09-19,1,55
2026-09-20,1,61
2026-09-21,1,72
2026-09-22,2,79
2026-09-23,1,109
2026-09-24,0,75
2026-09-25,1,56
2026-09-26,0,46
2026-09-27,1,57
2026-09-28,6,116
2026-09-29,2,74
